-- Players
insert into players values(1, "Leind");
insert into players values(2, "Lucas");
insert into players values(3, "Pepe");
insert into players values(4, "Rob");
insert into players values(5, "Art");
insert into players values(6, "Fab");
insert into players values(7, "Luis");
insert into players values(8, "Aaron");
insert into players values(9, "Berni");
insert into players values(10, "Nayo");
insert into players values(11, "Casta");
insert into players values(12, "Chad");
insert into players values(13, "Cesar");
insert into players values(14, "Roli");
insert into players values(15, "Kof");
insert into players values(16, "Omar");

-- Values
insert into n64 (mu, sigma, id_player) values(25.0, 8.33333333333333, 1);
insert into n64 (mu, sigma, id_player) values(25.0, 8.33333333333333, 2);
insert into n64 (mu, sigma, id_player) values(25.0, 8.33333333333333, 3);
insert into n64 (mu, sigma, id_player) values(25.0, 8.33333333333333, 4);
insert into n64 (mu, sigma, id_player) values(25.0, 8.33333333333333, 5);
insert into n64 (mu, sigma, id_player) values(25.0, 8.33333333333333, 6);
insert into n64 (mu, sigma, id_player) values(25.0, 8.33333333333333, 7);
insert into n64 (mu, sigma, id_player) values(25.0, 8.33333333333333, 8);
insert into n64 (mu, sigma, id_player) values(25.0, 8.33333333333333, 9);
insert into n64 (mu, sigma, id_player) values(25.0, 8.33333333333333, 10);
insert into n64 (mu, sigma, id_player) values(25.0, 8.33333333333333, 11);
insert into n64 (mu, sigma, id_player) values(25.0, 8.33333333333333, 12);
insert into n64 (mu, sigma, id_player) values(25.0, 8.33333333333333, 13);
insert into n64 (mu, sigma, id_player) values(25.0, 8.33333333333333, 14);
insert into n64 (mu, sigma, id_player) values(25.0, 8.33333333333333, 15);
insert into n64 (mu, sigma, id_player) values(25.0, 8.33333333333333, 16);

insert into melee (mu, sigma, id_player) values(25.0, 8.33333333333333, 1);
insert into melee (mu, sigma, id_player) values(25.0, 8.33333333333333, 2);
insert into melee (mu, sigma, id_player) values(25.0, 8.33333333333333, 3);
insert into melee (mu, sigma, id_player) values(25.0, 8.33333333333333, 4);
insert into melee (mu, sigma, id_player) values(25.0, 8.33333333333333, 5);
insert into melee (mu, sigma, id_player) values(25.0, 8.33333333333333, 6);
insert into melee (mu, sigma, id_player) values(25.0, 8.33333333333333, 7);
insert into melee (mu, sigma, id_player) values(25.0, 8.33333333333333, 8);
insert into melee (mu, sigma, id_player) values(25.0, 8.33333333333333, 9);
insert into melee (mu, sigma, id_player) values(25.0, 8.33333333333333, 10);
insert into melee (mu, sigma, id_player) values(25.0, 8.33333333333333, 11);
insert into melee (mu, sigma, id_player) values(25.0, 8.33333333333333, 12);
insert into melee (mu, sigma, id_player) values(25.0, 8.33333333333333, 13);
insert into melee (mu, sigma, id_player) values(25.0, 8.33333333333333, 14);
insert into melee (mu, sigma, id_player) values(25.0, 8.33333333333333, 15);
insert into melee (mu, sigma, id_player) values(25.0, 8.33333333333333, 16);

insert into brawl (mu, sigma, id_player) values(25.0, 8.33333333333333, 1);
insert into brawl (mu, sigma, id_player) values(25.0, 8.33333333333333, 2);
insert into brawl (mu, sigma, id_player) values(25.0, 8.33333333333333, 3);
insert into brawl (mu, sigma, id_player) values(25.0, 8.33333333333333, 4);
insert into brawl (mu, sigma, id_player) values(25.0, 8.33333333333333, 5);
insert into brawl (mu, sigma, id_player) values(25.0, 8.33333333333333, 6);
insert into brawl (mu, sigma, id_player) values(25.0, 8.33333333333333, 7);
insert into brawl (mu, sigma, id_player) values(25.0, 8.33333333333333, 8);
insert into brawl (mu, sigma, id_player) values(25.0, 8.33333333333333, 9);
insert into brawl (mu, sigma, id_player) values(25.0, 8.33333333333333, 10);
insert into brawl (mu, sigma, id_player) values(25.0, 8.33333333333333, 11);
insert into brawl (mu, sigma, id_player) values(25.0, 8.33333333333333, 12);
insert into brawl (mu, sigma, id_player) values(25.0, 8.33333333333333, 13);
insert into brawl (mu, sigma, id_player) values(25.0, 8.33333333333333, 14);
insert into brawl (mu, sigma, id_player) values(25.0, 8.33333333333333, 15);
insert into brawl (mu, sigma, id_player) values(25.0, 8.33333333333333, 16);

insert into smash4 (mu, sigma, id_player) values(25.0, 8.33333333333333, 1);
insert into smash4 (mu, sigma, id_player) values(25.0, 8.33333333333333, 2);
insert into smash4 (mu, sigma, id_player) values(25.0, 8.33333333333333, 3);
insert into smash4 (mu, sigma, id_player) values(25.0, 8.33333333333333, 4);
insert into smash4 (mu, sigma, id_player) values(25.0, 8.33333333333333, 5);
insert into smash4 (mu, sigma, id_player) values(25.0, 8.33333333333333, 6);
insert into smash4 (mu, sigma, id_player) values(25.0, 8.33333333333333, 7);
insert into smash4 (mu, sigma, id_player) values(25.0, 8.33333333333333, 8);
insert into smash4 (mu, sigma, id_player) values(25.0, 8.33333333333333, 9);
insert into smash4 (mu, sigma, id_player) values(25.0, 8.33333333333333, 10);
insert into smash4 (mu, sigma, id_player) values(25.0, 8.33333333333333, 11);
insert into smash4 (mu, sigma, id_player) values(25.0, 8.33333333333333, 12);
insert into smash4 (mu, sigma, id_player) values(25.0, 8.33333333333333, 13);
insert into smash4 (mu, sigma, id_player) values(25.0, 8.33333333333333, 14);
insert into smash4 (mu, sigma, id_player) values(25.0, 8.33333333333333, 15);
insert into smash4 (mu, sigma, id_player) values(25.0, 8.33333333333333, 16);

update n64 set last_mu = 25.0 where last_mu is null or last_mu = '';
update melee set last_mu = 25.0 where last_mu is null or last_mu = '';
update brawl set last_mu = 25.0 where last_mu is null or last_mu = '';
update smash4 set last_mu = 25.0 where last_mu is null or last_mu = '';